id,tweet
31964, @user #white #supremacists want everyone to see the new â  #birdsâ #movie â and hereâs why  
31965,safe ways to heal your #acne!!    #altwaystoheal #healthy   #healing!! 
31966,"is the hp and the cursed child book up for reservations already? if yes, where? if no, when? ððð   #harrypotter #pottermore #favorite"
31967,"  3rd #bihday to my amazing, hilarious #nephew eli ahmir! uncle dave loves you and missesâ¦ "
31968,choose to be   :) #momtips 
31969,something inside me dies ð¦ð¿â¨  eyes ness #smokeyeyes #tired  #lonely #sof #grungeâ¦ 
31970,#finished#tattoo#inked#ink#loveitâ¤ï¸ #â¤ï¸â¤ï¸â¤ï¸â¤ï¸ #thanks#aleeee !!! 
31971, @user @user @user i will never understand why my dad left me when i was so young.... :/ #deep #inthefeels  
31972,#delicious   #food #lovelife #capetown mannaepicure #resturantâ¦ 
31973,1000dayswasted - narcosis infinite ep.. make me aware.. grinding neuro bass #lifestyle   
31974,one of the world's greatest spoing events   #lemans24 #teamaudi  
31975,half way through the website now and #allgoingwell very  
31976,"good food, good life , #enjoy and   ðððððð this is called ~garlic bread~ ... #iloveitâ¦ "
31977,i'll stand behind this #guncontrolplease   #senselessshootings #taketheguns #comicrelief #stillsad 
31978,"i ate,i ate and i ate...ðð   #jamaisasthi #fish #curry #prawn #hilsa #foodfestival #foodies "
31979, @user got my @user limited edition rain or shine set today!!  ! @user @user @user @user 
31980,&amp; #love &amp; #hugs &amp; #kisses too! how to keep your #baby     #parenting #healthcare
31981,"ð­ðð #girls   #sun #fave @ london, united kingdom "
31982,thought factory: bbc neutrality on right wing fascism  #politics #media #blm #brexit #trump #leadership &gt;3 
31983,hey guys tommorow is the last day of my exams i'm so happy yay  
31984, @user @user  @user  #levyrroni #recuerdos memoriesð­â¤ðð«ð #recuerdos    #friends #life #triunfodelamor 
31985,my mind is like ððð½ð but my body like ðð´ðµð½....   #sleepy #stillallinð
31986,never been this down on myself in my entire life.  
31987,"check  twitterww - trends: ""trending worldwide 11:14 am bst""1. #oscarpistorius2. #diplomalÄ±liselilerayakta3.  â¦"
31988,i thought i saw a mermaid!!! #ceegee  #smcr   #inshot #girls #cute #summer #blur #sun  â¦ 
31989, chick gets fucked hottest naked lady 
31990,happy bday lucyâ¨â¨ð xoxo #love #beautiful #pizza   #instagood #mileycyrus #demilovatoâ¦ 
31991, haroldfriday have a weekend filled with sunbeams everyone!   #healthy #weekend 
31992,"@user @user tried that! but nothing - will try again! know you loved #2, but the 3rd light my fave &amp;deep rivers  "
31993,i'll #never be #120 #again i'm   #i'm a #thick #women #blacktina
31994, @user new @user episode tk! and a really cool 2-year anniversary ep in the works for august. :o)   
31995,#orangechicken   attack bull game 3d: do you really think that his head was empty around the city. each side 
31996,suppo the #taiji fisherman! no bullying! no racism! #tweet4taiji #thecove #seashepherd 
31997,i say we because i'm speaking collectively. i've always known. 2016 showed a lot.  andâ¦ 
31998,wish we could talk  
31999,food time for haylie ð hot chocolate for mummy âï¸âð¤ðð¯ðªâ®ð¤ thank god it's friday!!! ððð  â¦ 
32000,"@user snow white --&gt; open! --&gt; #sleepy,  , #sneezy and #bashful. @ or dm us today! [#] "
32001,"  #bihday #shilpashetty we #wish you to have a very very #successful #yearretailer,manufacturer ladies cloth "
32002,it wasn't me  #lottery 
32003,tomorrow will be fun! seeing an old friend and then shooting something super fun:)  
32004,#raw food diet benefits! -    #altwaystoheal #healthy   #healing #peace #joy #love !! 
32005,@user @user trumps invested billions into saudi. he empowers the people funding isis.   #trumpsahypocrite
32006,"my granddaughter's 1st bihday is tomorrow.  going to pick her play house, little car, &amp; pool today.   ððððððð"
32007,happiest place on eah! #disneyworld #orlando #castle   #mickeymouse #likechildrens @user 
32008,so baby dave is due to be born on october 26...my fav band of all time #tool will be playing @user the same weekend .....   lol
32009,  loving each other every day
32010, @user morning sunshine! ð   #smile #sexy #bigboobs 
32011,this #world makes me  ... #jesus makes me #happy... john 16:33 #word #truth #faith #peaceâ¦ 
32012,foods for #healing your body!!    #doplants! #healthy is  !! 
32013,enjoying the sunshine! god is good. #orlando #sunshinestate #goodlife #bosslady #joy  â¦ 
32014,@user    father's to my idol #prg#
32015,@user is there any reason for why the maintainers of the android do not provide more clear and basic code examples in their docs?  
32016,have a nice luxuryweek!!ó¾ó¾ #monday #neweek #luxuryweek #bestday #staypositive   #fun #goodmoments #lifestyle... 
32017,cause me and @user get to live together for a whole week!   #cantwaittocook ðð
32018,@user @user @user @user #throw back thursday  bih day 2 my bro@user chege
32019,i am thankful for fun. #thankful #positive     
32020,i saw she's craying coz her baby so hard to breath     strong yeah baby god withâ¦ (at kaika medical center) â 
32021,so this happened!   #baby #duedec2016 
32022,let's do this thing!   #euro2016 
32023,it's time!! ðð¼ðð¼ðð¼â½ï¸â½ï¸ #euro2016 #onemonth #24teams #onewinner #football #internationals   #10thjune-10thjuly
32024,#model   i love u take with u all the time in urð±!!! ððððð¦ð¦ð¦  
32025,can #lighttherapy help with #sad or #depression?    #altwaystoheal  #healthy is   !! 
32026,have a very good sunday everyone ððð«ð·â½ï¸ð #sunday #morning   #smile #picofthedayâ¦ 
32027,"my cousins are asking why do i always where shawl...di ko lang masabi, 'coz po i'm getting fat and my braso is getting bigger!!!   #baboy"
32028,"i #believe r #willingness 2 #try 2 #understand, 2 #encourage &amp; 2 #inspire others 2 b   &amp; #grow is a #greater #spiritual #purpose #grok"
32029,time for a pint before seeing coldplay in wembleyyyy ð³ðð   #coldplay #wembleystadiumâ¦ 
32030,current mood.  #goodnight #happilyeverafter #disney #quotes   #blessed #thankful #gratefulâ¦ 
32031,chioma and noble igwe's special day #chobs16 #chobs2016 @user #landmark_centre @user   
32032,cant believe i left school 5 years ago and now in 8 weeks time ill be teaching my own classes! #drama#teacher #gettingold
32033,"lipo-light helped shape her, and it can help shape you. learn more @user #loseinches #burnfat #result   "
32034,ahhh!! leaving for @user tomorrow!!ððð¼ð­ð @user #eforest2016 #electricforest #plur  
32035,"blessed to hear morning chorus, good morning the people.   fridayðð"
32036,"aunti mi, where do you find this hilarious posts?  is nigeria not in enough trouble? "
32037, @user 6 chapters left of my book &amp; then it's nearly complete #kruella #adaughterstale it will be a hard read #emotional #funnyâ¦
32038, @user thrilled to be working with @user over the coming months - more announcements very soon #2faceddancecompany 
32039,"trying out another way to make #sourdough #bread, this one may be underproofed   #failed #baking "
32040,cool old door with window only $50.00 from vendor 509!! #shoplocal #shopalyssas #fathersday   
32041,  #fathersday #fatherday from @user team! 
32042,   greatbritain: all eyes on the skies as rafredarrows fly past the mall to say  â¦ 
32043," @user 8000 followers...we are blessed by all of you ,and love everyone that suppos us ...thx very much and   fishing and fâ¦"
32044,@user .@user @user @user @user &lt;--- no more feeding at the public trough piggy. #michelleobamaâ¦ 
32045,website is live #avon # makeup # fresh # look   
32046,and the forecast looks good for the weather all across #bolton ! 
32047, @user happy shootingð©ââ¤ï¸âðâð©ð· love monicaðð  #sweet #magazine #thanku #love   
32048,happy father's day ððð   #fathers #day fathersday #dad #ilovemydad #ilovemyfather #love 
32049,stardivarius:    friday : new history and new outfit post   #fashion #look  #friendsflâ¦ 
32050, @user final countdown to the official us publication on june 1st   #whyfontsmatter #usa #typography #font #book 
32051,so happy that d trusted me to be the first to knowâ¤ð¶   #lovelovelovebabies
32052,interview feat grandmaster flash - ze lovely message â«âªâ«â«âºâº #nurap #nudisco #music #paris   â«âªâ«  via @user
32053,i'm getting more hours at work for my training. i'm so   
32054,life right now is amazingð  #successful #positive
32055,if social media is your reality you should really get out more. viual acceptance seems to really be a thing.   #s ocialmedia
32056,@user ðª sevens tomorrowðª #southwestseason ðfinalðagainst @user next week  plus scrim with @user  #wearebusy  
32057,"@user @user @user @user @user your ignorant &amp; ill informed tweets r silly, childish &amp; one dimensional  "
32058,great to see you! look forward to welcoming you to digme   
32059,jackblair - na: #horny #hot #naughty #nasty   #slut #young #shy #wet #nude #xxx #sexy #porn #kinky #snapshot 
32060,"@user @user did u take both of them and pour them into one big cup, or what? no drink delivered.  "
32061,ððððâ¤ï¸ððð» happy father's day dad hope u have a great day love u ððððâ¤ï¸ððð»  fathersday  #loveyou 
,many of my @user alum friends are waking up shocked to hear of the death of scsu president. #shocked   
,@user i'm disappointed in yesterday's argument. i wasn't even baselessly accused of living in my mothers basement. #weak   #bad
,hey @user - a $14000 ivanka bracelet? do you feel good profiting from #xenophobia? #misogyny? #hatred? ? #grabyourwallet
,she was just loving him and he just saw her as a temporary setup.  
,happy euro 2016 eve #euro2016   ðððªð½ðªð½
, @user only 741 retweets in over half a day   that's because gun owners like my hubby &amp; me don't respect your fanaticism 
,colourpop !!! ðððð   
,"#palladino : ""i'll say whatÂ iÂ feel like saying.â #gopathetic #lookwhatyoudid #politics   #madcow  "
,save $$ no logins x brokers   #me #change #memes #love   #education #university 
, @user fursuit fucking   hardcore 2008  
,something was obviously really funny ð­ #laugh #girls #smiles  â¦ 
,#fbf to when it was all staing!   how far @user has come &amp; #anxious for whatâ¦ 
,i am thankful for films. #thankful #positive     
,@user @user @user @user on our way to #oambo see you soon!!    #sasocp16 
,"@user @user @user   always, always, always somebody else's fault...  #bigot "
,i have begun something #new on this page &amp; am super   about it :)  it's daily tarot guidance with a... 
,this how we turning up todayðð½ððð½ð #whitegirlwasted   #dramafree #armedsecurityâ¦ 
,#qatil poetry   poetry #eid poetry #2 lines sms #eid ghazal #urdu poetry #dard poetry #beutiful #poetry + follow @user send 4o4o4
,rip to all the victims.   #usa #prayfororlando #terrorism #victims #lgbt #suppo #altogether #pride #stand 
,i'm so   and #grateful now that - #affirmations 
, @user i read in an aicle 4 yrs before that even dhabas on the side of national highways are growing 1/2 acres of ganjas.   â¦
,drive in to see grease &amp; footloose âºï¸ð«  
,@user  thank you steve!   i don't think it has quite sunk in though!
, @user today was a good day! ð­#happiestplaceoneah #disneyland #fun   #walking #sundayfundayâ¦ 
,ltpst ðð and i need vitamin sea ðð  #beach #blue #smile   
, @user today's meððð§ð»ðð¦ð  #code #white #summer #love   
,#rainbow over wall street   a good way to end training!! #officialrainbowspotterâ¦ 
,water why?  ð
,it's going to be a great day! the day itself doesn't have a choice in the matter. #feelinggood   #proud #feelingaccomplished #motivated
,"@user oh there is tons of stuff its like they won't do it, eah garbage dump  "
,found this in my vault never posted it ð¬ #selfie #throwback #boys #guys #love  â¦ 
,happy friday!! #wegotwheels #car #vw #polo #firstcar   #ontheroad #whitepolo #newcarâ¦ 
,@user all together this christmas: pls  &amp; follow @user national day of action on 20 feb against  &amp; theâ¦ 
,you might be a libtard if... #libtard  #sjw #liberal #politics 
,withasumiðð»ð«ð #yesterday #shot#disney#disneyland  #enjoy 
,@user why is game of thrones s5 no longer on sky box sets? #mad   #help
, @user straight no chaser -   ( #music video)  
,4u nonhockey people. hockeys babe ruth died. gordie howe was beyond myth and legend. hockey has lost mr. hockey.  
,"does #linkedin have anything in the works for giving free membership to #canadian, #australian and #british #veterans? #justusvetsatm  "
,#michelleobama is looking a bit 'dishevelled...' is she thinking about spending her retirement visiting #obama at aâ¦ 
,out for dinner with my lukey boy ðð#lovehim   #holidays #orlando @ clear creek circleâ¦ 
,can't wait to watch @user with everyone at @user this evening!  
,"@user hahaha, that's a good point that i just totally skipped over. when you're 14, not a celebrity, and your dad is asking for $,  "
,cat is out of the bag...#fruit ninja   #steam #htcvive 
, @user  -national-german-bestfriend-day maybe? ððð¤ð¼ 
,i am.. really good at cooking..   credit to @user for the mashed potatoes and mac n cheese! 
,why are all our local mps so   about the #downgrade of our hospital? #savethealex 
,pretty much the best advice ever. #hydrated #zerofucksgiven   #friday #sorrynotsorry #liveâ¦ 
,#model #alternative #tattoo #piercing   @ olde towne bellevue 
,i just sent a msg to my aunt in peru and told her to wish my grandpa and uncles a happy father's day but didn't include my dad.  
,  day @user  all the best to you!
,#people aren't protesting #trump because a #republican won-they do so because trump has fuhered  &amp;â¦ 
, at work: attorneys for white officer who shot #philandocastile remove black judge from presiding over trial. 
,phil spencer criticizes sony? of course! what else would you do when you just got slapped in the face by sony's huge 40 million+ dick!  
," @user we think sa is pretty great, and we canât wait to show you why #twodaystogo #countdown #shhh   #bringiton"
,w; @user @user @user and me #cafeexpress #stanupcomedy   #crazyâ¦ 
,@user trump's long history of  explained 1970's thru 2016 #nevermypresident  #theresistance 
,happy mother's day to ppl.  
,my #bff is in #liverpool and i am so   ! first stop @user for a #flatwhite  #coffeelovers #bestfriends 
,i love herð 
,so tom hiddleston.... aka..lokie(excuse spelling) is the new #jamesbond   #scaryinthor #bestchoicefornewjb ðððð
,about to watch these movies alone  
,one thinks this could be a bit of a punch up ð #gameofthrones    
,"""i'm his princess.""  me: i'm no one's princess...sadly.   "
,cant wait for icon this weekend and can't wait to finally get one of these tatoos   #icon16 
,laughing at the fact that all you mfz use this app to talk about what u feel inside for other people to see it haha  
,#sterling   attack bull chase: when you leave the lot despite the fact that you're a strong source of fo 
,i finally found a way how to delete old tweets! you might find it useful as well:    #deletetweets
,"@user @user @user never a doubt on my pa,   many #voted for him. sad for #america."
,if you cut anyone with english dna in half you well find  written inside them.
, @user vip ciniworld with caz @user  ð¬   ð
,seeing war craft in imax 3d ð #warcraftmovie   #imax #woohoo 
,#model   i love u take with u all the time in urð±!!! ððððð¦ð¦ð¦  
, @user i burnt all the garlic bread #devastated   #:(
,#model   i love u take with u all the time in urð±!!! ððððð¦ð¦ð¦  
,"@user  looked right at the cameraman as she grabbed katie's arm &amp; said ""can i talk to you""   wow, everything you do is for tv?  "
,"@user @user @user @user @user we held one in march, which was great cpd for everyone ðð½ "
,"looking up some african news out of boredem, stumbled upon @user and oh my god, site is racist as fuck against everything  "
,@user @user dana is devestated that there hasn't been any trouble 
,i am gorgeous. #i_am #positive #affirmation     
," @user oh, so now he's admitting to having a small staff???  #flipflopper #disgraceful   "
,because happy! #because   #instagram #instagood #instagram #instapasspo #instadailyâ¦ 
,splashing around ð¦ð#dogs #bestdogever #swimming #healthy   #goodvibes #yoga #fitnessâ¦ 
,when people are so old and bored they resolve to bullying others over twitter  
, @user it isn't my love... it isn't.... 
," @user there wasn't so much violence at the last #euro!!  i wonder what happened,  is the brutal side coming back? #euro2016 #footbaâ¦"
,i messed up my nails  
,can #lighttherapy help with   or #depression?    #altwaystoheal  #healthy is #happy !! 
,aww yeah it's all good bing bong bing bong   
,selfie srelfie! #smile   #me #selfie #followme #f4f #polishgirl #polskadziewczyna 
,how vera rubin overcame  and invented a whole field of #scientific #study  #diversityinscience #science #steam
, @user .@user @user @user @user so sorry to read this after so much pain  
, @user draft 1..ðð b4 i pick ð©up from uni at liverpool. #recognition   @user @user @user 
, â #gbp/usd upside limited around 1.4255/1.4350 â commerzbank   #blog #silver #gold #forex
,#childrenoftheworld   bull up: you will dominate your bull and you will direct it whatever you want it to do 
,"kaya, but no class.   ðð½"
,#model   i love u take with u all the time in urð±!!! ððððð¦ð¦ð¦  
,#model   i love u take with u all the time in urð±!!! ððððð¦ð¦ð¦  
,london ððð   #selfie #smile #love   #photooftheday #picoftheday #london #londonlife @user 
,i need some prayer right now. i am not taking my grandmas death well.     #shocked #whyher
,"@user @user @user no, just seen this gay gorilla mindset nonsense, and him touting dershowitz as ""clean""  !"
, @user think this is going to be the best match i've ever watched   #wedding #oldgirls #auwfc 
,"@user @user  unfounately, current #gop only see #reagan like this now...  ! "
,  #monday instagram #instagrammers #motorspo #photographers #formula1 and @user 
,great day! little man's tkd grading &amp; a cracking swimming lesson topped off by wales win   #wal
,"sorry   bear, @user won it this time -  "
, @user can't wait for #pubcon @user  #bestconference #oct16 #digitalmarketing   #comingsoon 
, @user   #monday to u all ð  #model #boobs #tits #urbex #television #sexy #retweet #tights #pantyhose #desire #touch 
,"glad to live hereð, my   place ð¥ "
,fam(ily) ð .   #fasting #family #likeforlike #like4like #lfl #together #happiness #lovelyâ¦ 
,"""starships"" #nickiminaj   #6secondcover #singitfohevine #singersofvine #singing #musician #music "
,i am thrilling. #i_am #positive #affirmation     
, @user make someone happy today... by minding your own damn business. #life #living #inv #business   #love
,#paradise   rooster simulation: i want to climb the vast expanse of mountains. it reached the leakage cock w 
,any #pats2020 students want to snapchat? adrianmcqueen #snapchat #ucumberlands #college  
,client needed to #brainstorm #socialmedia   #altrincham 
,disney gator attack: 2-year-old boy found dead -   #disney   
,the price of a stolen payment-card record has dropped from $25 in 2011 to $6 in 2016. this is why ransomware is on the rise  
,just got free slice of cake at fav cafe!   #tgif
,@user the box as pictured contains a single inflatable prep-school-boy  sex-doll.  
, @user so relaxed   #peaceful âºï¸
, @user first @user for @user with our new customer @user   #paners #drupa2016 hall 10 stand c13/3 
,ð #love #instagood #photooftheday top.tags #tbt #cute #me #beautiful #followme   #followâ¦ 
,"it's been a while since the last time i drank hard liquor. now, with officemates!  "
, @user when older people see this pic their nose remembers the smells. why close down impoant sites like this?   
,ð   #socialmedia may 2016 was hottest may on record: nasa  
,we're   to say we won't be able to attend @user this year. due to the hotel costs. hope we will be attending it next year tho!!
,why is my hea spazzing shipping hahaha   #doctors  
,we are nearly ready for the off!!!   #nohamptoncarnival 
,how many more innocent people have to die while ceain politicians choose to ignore the hate and refuse to even discuss gun control  
,it's almost been a week since i saw the strokes i am   
, @user   to sta a #newbook after my visit to the jfk museum! #inspiration 
,i am intelligent. #i_am #positive #affirmation     
,  #heal with the #lawofattraction #loa  !!  #altwaystoheal  #healthy     #wellness !! 
, :a fatal truck crash on #kigali highway leaves more than 30 people died instantly around kicukiro centre #rwanda 
,#macbook   gorilla simulator: you need to do to adapt to the environment. the need to tear the city. materia 
,#marshmallow time #fire #son   #love 
," @user i can't believe how much i used to care what people thought of me now i'm just like ""lol fuck u, fuck you and  wtf fuck youâ¦"
,be jealous.. i have the best mother ð»ð» â mamatii je t'aime â¤â¤ #cute #nice   #with #herâ¦ 
,always amazes me that  comes in unexpected places like local cafe today where me being #irish got it first and then muslims. gutted!
,his and hers #icedcoffee @user #coffeeblogger #coffee #thecappuccinotraveler  â¦ 
," @user do you ever get   about #lyme wars? yeah, me too. this helps me. "
,p5 pupils all ready for their #ymi musical extravaganza!   
,this made me laugh so hard. angry bieber.. #dontknowwhy   #fridayfun @user 
,grow old along with me; the best is yet to be. ârobe browning #wedding   #love 
, â #usd/jpy: bulls sit tight below 107 handle - fxstreet   #blog #silver #gold #forex
,"@user   failed terribly in controlling drugs,must be punished electorally,but it's @user that let it in initially,no? blueð #fb"
, @user @user i never see you in my store anymore! ð¢   should have asked for an autograph and said hi all those times iâ¦
,ðððð° rest in peace christina... #rip #ripchristina #christinagrimmie #love #miss   
,"as always when i watch one of the @user races,it inspires me for my training,still got a solid month yet before 1st race. "
,me see picture of dog today   smile face :) i tweet good now
,"when you woke af, but you realize the world around you isn't changing. #sigh   "
,my love returnsâ¤ï¸ðð¼ð¹ð #coollime #starbucks #cool #lime #feel #fresh #nice #great #drink  â¦ 
,it could be worse. #embarrassed #unfounate #traumatized #bitches black lives should matter to other black people.  
,ð   #tech how to buy bitcoins with a debit card  
,happy father day to all the fathers out there! #fathersday   #sunday #family
,i am thankful for freedom of speech. #thankful #positive     
,#justinb   gorilla simulator: you need to do to adapt to the environment. the need to tear the city. materia 
,@user @user it is still fucking bullshit that they are giving  #bigots a platform to spread their vile #hate.  #boyâ¦
,@user am i girl or boy? :-p @user @user #sissy @user @user  @user @user 
,bihday flowers!!   #saturday #flower #love @ jes b jewelry studio 
,@user @user i don't even think he's wearing his dad jeans... 
,and another nerd friend bans me because of my personal believes. #who'snotopenminded?   #ohwell
,@user @user @user it's always about race and religion! that's what's wrong w #america  
,sometimes it takes a while to realize how a person really fits in your life.   - a friend - soon to be boss    
,back to the day job for shane lowry!    more &gt;&gt; 
,"  #fathersday to the strongest, most patient, kind and understanding person i know.â¦ "
,"not only am i third wheeling at cold stone right now, but i used a buy one get one free coupon on myself.  "
,"""simply assault"" is equal to spitting on someone. authoritys got the charges all wrong. these guy will walk   "
,@user can i get a re tweet #marriage #wales  
,@user this '93 video - '16 when he referred to sen. warren as pocahontas = a stable pattern of  and ignorance.â¦ 
,"it is what it is, but it will be what you make it. meer inspiratie? kijk op  #life   "
,when the house has been taken over by football -time to get reading @user always with love!   #book 
, @user at the end of the day you gotta be   for you.
,cleveland fans look !
,i am bubbly. #i_am #positive #affirmation     
, @user getting ready to deliver the feature address to a bright-eyed group of youngsters.   #nervous 
,"my @user smoothie  ""glass is (only) half full""   #comeon "
,#wednesdaywisdom  make sure you are not ignoring true happiness in your life    
,@user my trust is so broken right now.  
,iftar happyhouse â¤ï¸ #bestie #friends #chillin   #iftar #goodtimes @ tgi fridays streetâ¦ 
,just realized i look a little cross eyed on my license   #lol
,going to be a fun week! (10 days for me) #csikraken #construct 
,"  #bihday to my sweet little mermaid! time has flown so quickly,  can't believe, in aâ¦ "
,"over 30,000 arrests daily in us;over 160,000 police-civilian encounters daily. shootings,""abuse"" extremely rare,thoâ¦ "
,i am thankful for inspiration. #thankful #positive     
,"i wish kpop aists never come in my country for i won't be able to see them perform at all... i'm broke, ppl...   #kpop"
,who wants to go anywhere on sundays now since #ghosthuntersinternational and #destinationtruth are both on #chillernetwork ??  
,  father's day #ðºð¸ 
,i am thankful for health. #thankful #positive     
,"now people judge you by colour and english accent ,  "
,"9975  , #lostnfound   when we got together we both wanted a serious long-term monogamous relationship. you... "
,ccs without aciiii ð #eki #liani #fetty #ccs #emergency #team #friend #family #like #love  â¦ 
, black lives matter:  #today #day  
," â #usd/jpy remains weak, below 106.00   #blog #silver #gold #forex"
,character customization confirmed! #pokemonsunmoon #e32016  
, @user @user emma great meeting you yesterday. i will email as have an oppounity for you already  
,my poor babes missed water play this morning at school ð i figured they'd do water play in the afternoon!    #poorbaby
,let there be light.....hmmm i prefer l....spotlight ððð.....  #vibrant #alive #joy #sparkle 
,today was a good day.   #love #goodday #smiles #goodangle #instasmile #instagramâ¦ 
,really terrible mass terrorist attack in usa night club #à¤¨à¤¿à¤¸à¤¬à¥à¤¦   #black-day# @user @user @user
,"@user @user we hear your  ,#bigotry ,#homophobia, #sexual assaults, #womanizing, #treason , #lies you hearâ¦ "
,i am knowing. #i_am #positive #affirmation     
,right one suppos women's nutrition.     #romance #love #dating #soulmates #sexy   #we 
,"#hate, , #crisis these are among many others the #president #elect @user &amp; his co are only capable "
, @user have a #wonderful #saturday   #flower #day ðð¸ð·ððºð (vine by @user 
,i'm guessing chip hills doesn't teach their kids how to spell....... mp might be just a little hard for u   ð 
,#model   i love u take with u all the time in urð±!!! ððððð¦ð¦ð¦  
,"i've got wine, v.happy!! "
,"@user we deserve so much better. i understand why you are endorsing her, but she stands for so much that you are so against.  "
,"@user thank you for reaching out! issue resolved. as it turns out, your site isn't fully compatible with safari for ios or macos.  "
,happy bday jb! #yesterdaycelebration #fambam   â feeling happy
,bihday libations ð (feat. @user . . . #gay #boy #cute   #friends #love #â¦  
,@user @user  bihday your majesty
,you are sleeping and i crying...ð¶   
, @user live in color!check out our new tote bag  and color up your life#totebag   #inspiration  htâ¦
,thank you so much @user i really am   and feel amazing!!!  
,"@user i was into ""pimps up hoes down"" ""hookers at the point"" documentaries by brent owens and the cathouse series as a kid lol  "
,goomespa  #divulgaÃ§Ã£oeparceria #inshot #girls #cute #summer #blur #sun   #fun #dog #hairâ¦ 
,sad but true   #true  
,"#animals   -cat #cat #grumpy-cat #happy-campers ""no treats? i'll play with ... "
